iter	Logloss
0	0.6231722143
50	0.008992560008
100	0.00214388852
150	0.001433651213
200	0.001198132049
250	0.001038158559
300	0.0009139621093
350	0.0007996865951
400	0.0006996781986
450	0.000607879161
499	0.0005351198223
